"Date","Violations","Statistics","Value"
2000,"Total, all violations [0]","Actual incidents",2570663
2001,"Total, all violations [0]","Actual incidents",2602571
2002,"Total, all violations [0]","Actual incidents",2606967
2003,"Total, all violations [0]","Actual incidents",2699428
2004,"Total, all violations [0]","Actual incidents",2680221
2005,"Total, all violations [0]","Actual incidents",2608741
2006,"Total, all violations [0]","Actual incidents",2606887
2007,"Total, all violations [0]","Actual incidents",2534730
2008,"Total, all violations [0]","Actual incidents",2485043
2009,"Total, all violations [0]","Actual incidents",2448654
2000,"Total, all violations [0]","Rate per 100,000 population",8376.49
2001,"Total, all violations [0]","Rate per 100,000 population",8390.24
2002,"Total, all violations [0]","Rate per 100,000 population",8314.71
2003,"Total, all violations [0]","Rate per 100,000 population",8531.78
2004,"Total, all violations [0]","Rate per 100,000 population",8391.25
2005,"Total, all violations [0]","Rate per 100,000 population",8090.32
2006,"Total, all violations [0]","Rate per 100,000 population",8003.83
2007,"Total, all violations [0]","Rate per 100,000 population",7707.17
2008,"Total, all violations [0]","Rate per 100,000 population",7474.76
2009,"Total, all violations [0]","Rate per 100,000 population",7281.47
2000,"Total, all violations [0]","Percentage change in rate",-1.15
2001,"Total, all violations [0]","Percentage change in rate",0.16
2002,"Total, all violations [0]","Percentage change in rate",-0.9
2003,"Total, all violations [0]","Percentage change in rate",2.61
2004,"Total, all violations [0]","Percentage change in rate",-1.65
2005,"Total, all violations [0]","Percentage change in rate",-3.59
2006,"Total, all violations [0]","Percentage change in rate",-1.07
2007,"Total, all violations [0]","Percentage change in rate",-3.71
2008,"Total, all violations [0]","Percentage change in rate",-3.02
2009,"Total, all violations [0]","Percentage change in rate",-2.59
2000,"Total, all violations [0]","Total cleared",1051798
2001,"Total, all violations [0]","Total cleared",1034691
2002,"Total, all violations [0]","Total cleared",1028361
2003,"Total, all violations [0]","Total cleared",1030104
2004,"Total, all violations [0]","Total cleared",1025497
2005,"Total, all violations [0]","Total cleared",1025889
2006,"Total, all violations [0]","Total cleared",1070655
2007,"Total, all violations [0]","Total cleared",1063208
2008,"Total, all violations [0]","Total cleared",1085013
2009,"Total, all violations [0]","Total cleared",1088732
2000,"Total, all violations [0]","Total, persons charged",629391
2001,"Total, all violations [0]","Total, persons charged",655140
2002,"Total, all violations [0]","Total, persons charged",649341
2003,"Total, all violations [0]","Total, persons charged",626671
2004,"Total, all violations [0]","Total, persons charged",632415
2005,"Total, all violations [0]","Total, persons charged",623465
2006,"Total, all violations [0]","Total, persons charged",635587
2007,"Total, all violations [0]","Total, persons charged",643002
2008,"Total, all violations [0]","Total, persons charged",652326
2009,"Total, all violations [0]","Total, persons charged",658707
2000,"Total, all violations [0]","Rate, total persons charged per 100,000 population aged 12 years and over",2418.27
2001,"Total, all violations [0]","Rate, total persons charged per 100,000 population aged 12 years and over",2482.36
2002,"Total, all violations [0]","Rate, total persons charged per 100,000 population aged 12 years and over",2424.27
2003,"Total, all violations [0]","Rate, total persons charged per 100,000 population aged 12 years and over",2308.92
2004,"Total, all violations [0]","Rate, total persons charged per 100,000 population aged 12 years and over",2299.8
2005,"Total, all violations [0]","Rate, total persons charged per 100,000 population aged 12 years and over",2238.87
2006,"Total, all violations [0]","Rate, total persons charged per 100,000 population aged 12 years and over",2254.02
2007,"Total, all violations [0]","Rate, total persons charged per 100,000 population aged 12 years and over",2253.59
2008,"Total, all violations [0]","Rate, total persons charged per 100,000 population aged 12 years and over",2258.24
2009,"Total, all violations [0]","Rate, total persons charged per 100,000 population aged 12 years and over",2252.24
2000,"Total, all violations [0]","Total, adult charged",515796
2001,"Total, all violations [0]","Total, adult charged",539022
2002,"Total, all violations [0]","Total, adult charged",536222
2003,"Total, all violations [0]","Total, adult charged",533074
2004,"Total, all violations [0]","Total, adult charged",543150
2005,"Total, all violations [0]","Total, adult charged",537740
2006,"Total, all violations [0]","Total, adult charged",549727
2007,"Total, all violations [0]","Total, adult charged",552322
2008,"Total, all violations [0]","Total, adult charged",564838
2009,"Total, all violations [0]","Total, adult charged",574217
2000,"Total, all violations [0]","Rate, adult charged per 100,000 population aged 18 years and over",2190.1
2001,"Total, all violations [0]","Rate, adult charged per 100,000 population aged 18 years and over",2255.52
2002,"Total, all violations [0]","Rate, adult charged per 100,000 population aged 18 years and over",2210.53
2003,"Total, all violations [0]","Rate, adult charged per 100,000 population aged 18 years and over",2168.23
2004,"Total, all violations [0]","Rate, adult charged per 100,000 population aged 18 years and over",2179.86
2005,"Total, all violations [0]","Rate, adult charged per 100,000 population aged 18 years and over",2130.57
2006,"Total, all violations [0]","Rate, adult charged per 100,000 population aged 18 years and over",2149.78
2007,"Total, all violations [0]","Rate, adult charged per 100,000 population aged 18 years and over",2131.53
2008,"Total, all violations [0]","Rate, adult charged per 100,000 population aged 18 years and over",2148.51
2009,"Total, all violations [0]","Rate, adult charged per 100,000 population aged 18 years and over",2152.09
2000,"Total, all violations [0]","Total, youth charged",113595
2001,"Total, all violations [0]","Total, youth charged",116118
2002,"Total, all violations [0]","Total, youth charged",113119
2003,"Total, all violations [0]","Total, youth charged",93597
2004,"Total, all violations [0]","Total, youth charged",89265
2005,"Total, all violations [0]","Total, youth charged",85725
2006,"Total, all violations [0]","Total, youth charged",85860
2007,"Total, all violations [0]","Total, youth charged",90680
2008,"Total, all violations [0]","Total, youth charged",87488
2009,"Total, all violations [0]","Total, youth charged",84490
2000,"Total, all violations [0]","Rate, youth charged per 100,000 population aged 12 to 17 years",4589.3
2001,"Total, all violations [0]","Rate, youth charged per 100,000 population aged 12 to 17 years",4656.2
2002,"Total, all violations [0]","Rate, youth charged per 100,000 population aged 12 to 17 years",4475.76
2003,"Total, all violations [0]","Rate, youth charged per 100,000 population aged 12 to 17 years",3662.47
2004,"Total, all violations [0]","Rate, youth charged per 100,000 population aged 12 to 17 years",3457.33
2005,"Total, all violations [0]","Rate, youth charged per 100,000 population aged 12 to 17 years",3286.84
2006,"Total, all violations [0]","Rate, youth charged per 100,000 population aged 12 to 17 years",3268.78
2007,"Total, all violations [0]","Rate, youth charged per 100,000 population aged 12 to 17 years",3460.62
2008,"Total, all violations [0]","Rate, youth charged per 100,000 population aged 12 to 17 years",3369.12
2009,"Total, all violations [0]","Rate, youth charged per 100,000 population aged 12 to 17 years",3294.14
2000,"Total, all violations [0]","Total, youth not charged",78704
2001,"Total, all violations [0]","Total, youth not charged",86040
2002,"Total, all violations [0]","Total, youth not charged",87304
2003,"Total, all violations [0]","Total, youth not charged",116144
2004,"Total, all violations [0]","Total, youth not charged",117446
2005,"Total, all violations [0]","Total, youth not charged",111591
2006,"Total, all violations [0]","Total, youth not charged",119012
2007,"Total, all violations [0]","Total, youth not charged",115979
2008,"Total, all violations [0]","Total, youth not charged",112681
2009,"Total, all violations [0]","Total, youth not charged",111612
2000,"Total, all violations [0]","Rate, youth not charged per 100,000 population aged 12 to 17 years",3179.69
2001,"Total, all violations [0]","Rate, youth not charged per 100,000 population aged 12 to 17 years",3450.11
2002,"Total, all violations [0]","Rate, youth not charged per 100,000 population aged 12 to 17 years",3454.34
2003,"Total, all violations [0]","Rate, youth not charged per 100,000 population aged 12 to 17 years",4544.73
2004,"Total, all violations [0]","Rate, youth not charged per 100,000 population aged 12 to 17 years",4548.81
2005,"Total, all violations [0]","Rate, youth not charged per 100,000 population aged 12 to 17 years",4278.59
2006,"Total, all violations [0]","Rate, youth not charged per 100,000 population aged 12 to 17 years",4530.9
2007,"Total, all violations [0]","Rate, youth not charged per 100,000 population aged 12 to 17 years",4426.11
2008,"Total, all violations [0]","Rate, youth not charged per 100,000 population aged 12 to 17 years",4339.29
2009,"Total, all violations [0]","Rate, youth not charged per 100,000 population aged 12 to 17 years",4351.59
2000,"Total violent Criminal Code violations [100]","Actual incidents",458559
2001,"Total violent Criminal Code violations [100]","Actual incidents",457043
2002,"Total violent Criminal Code violations [100]","Actual incidents",451733
2003,"Total violent Criminal Code violations [100]","Actual incidents",453963
2004,"Total violent Criminal Code violations [100]","Actual incidents",448514
2005,"Total violent Criminal Code violations [100]","Actual incidents",447857
2006,"Total violent Criminal Code violations [100]","Actual incidents",451652
2007,"Total violent Criminal Code violations [100]","Actual incidents",445252
2008,"Total violent Criminal Code violations [100]","Actual incidents",443608
2009,"Total violent Criminal Code violations [100]","Actual incidents",444533
2000,"Total violent Criminal Code violations [100]","Rate per 100,000 population",1494.21
2001,"Total violent Criminal Code violations [100]","Rate per 100,000 population",1473.43
2002,"Total violent Criminal Code violations [100]","Rate per 100,000 population",1440.77
2003,"Total violent Criminal Code violations [100]","Rate per 100,000 population",1434.79
2004,"Total violent Criminal Code violations [100]","Rate per 100,000 population",1404.21
2005,"Total violent Criminal Code violations [100]","Rate per 100,000 population",1388.91
2006,"Total violent Criminal Code violations [100]","Rate per 100,000 population",1386.69
2007,"Total violent Criminal Code violations [100]","Rate per 100,000 population",1353.85
2008,"Total violent Criminal Code violations [100]","Rate per 100,000 population",1334.33
2009,"Total violent Criminal Code violations [100]","Rate per 100,000 population",1321.89
2000,"Total violent Criminal Code violations [100]","Percentage change in rate",3.76
2001,"Total violent Criminal Code violations [100]","Percentage change in rate",-1.39
2002,"Total violent Criminal Code violations [100]","Percentage change in rate",-2.22
2003,"Total violent Criminal Code violations [100]","Percentage change in rate",-0.42
2004,"Total violent Criminal Code violations [100]","Percentage change in rate",-2.13
2005,"Total violent Criminal Code violations [100]","Percentage change in rate",-1.09
2006,"Total violent Criminal Code violations [100]","Percentage change in rate",-0.16
2007,"Total violent Criminal Code violations [100]","Percentage change in rate",-2.37
2008,"Total violent Criminal Code violations [100]","Percentage change in rate",-1.44
2009,"Total violent Criminal Code violations [100]","Percentage change in rate",-0.93
2000,"Total violent Criminal Code violations [100]","Total cleared",315986
2001,"Total violent Criminal Code violations [100]","Total cleared",310162
2002,"Total violent Criminal Code violations [100]","Total cleared",302627
2003,"Total violent Criminal Code violations [100]","Total cleared",299594
2004,"Total violent Criminal Code violations [100]","Total cleared",291381
2005,"Total violent Criminal Code violations [100]","Total cleared",299318
2006,"Total violent Criminal Code violations [100]","Total cleared",312275
2007,"Total violent Criminal Code violations [100]","Total cleared",310566
2008,"Total violent Criminal Code violations [100]","Total cleared",313426
2009,"Total violent Criminal Code violations [100]","Total cleared",316707
2000,"Total violent Criminal Code violations [100]","Total, persons charged",172946
2001,"Total violent Criminal Code violations [100]","Total, persons charged",181952
2002,"Total violent Criminal Code violations [100]","Total, persons charged",177575
2003,"Total violent Criminal Code violations [100]","Total, persons charged",171260
2004,"Total violent Criminal Code violations [100]","Total, persons charged",169263
2005,"Total violent Criminal Code violations [100]","Total, persons charged",172715
2006,"Total violent Criminal Code violations [100]","Total, persons charged",175878
2007,"Total violent Criminal Code violations [100]","Total, persons charged",174313
2008,"Total violent Criminal Code violations [100]","Total, persons charged",175037
2009,"Total violent Criminal Code violations [100]","Total, persons charged",178860
2000,"Total violent Criminal Code violations [100]","Rate, total persons charged per 100,000 population aged 12 years and over",664.5
2001,"Total violent Criminal Code violations [100]","Rate, total persons charged per 100,000 population aged 12 years and over",689.43
2002,"Total violent Criminal Code violations [100]","Rate, total persons charged per 100,000 population aged 12 years and over",662.96
2003,"Total violent Criminal Code violations [100]","Rate, total persons charged per 100,000 population aged 12 years and over",630.99
2004,"Total violent Criminal Code violations [100]","Rate, total persons charged per 100,000 population aged 12 years and over",615.53
2005,"Total violent Criminal Code violations [100]","Rate, total persons charged per 100,000 population aged 12 years and over",620.22
2006,"Total violent Criminal Code violations [100]","Rate, total persons charged per 100,000 population aged 12 years and over",623.73
2007,"Total violent Criminal Code violations [100]","Rate, total persons charged per 100,000 population aged 12 years and over",610.93
2008,"Total violent Criminal Code violations [100]","Rate, total persons charged per 100,000 population aged 12 years and over",605.95
2009,"Total violent Criminal Code violations [100]","Rate, total persons charged per 100,000 population aged 12 years and over",611.56
2000,"Total violent Criminal Code violations [100]","Total, adult charged",144832
2001,"Total violent Criminal Code violations [100]","Total, adult charged",153089
2002,"Total violent Criminal Code violations [100]","Total, adult charged",149728
2003,"Total violent Criminal Code violations [100]","Total, adult charged",146903
2004,"Total violent Criminal Code violations [100]","Total, adult charged",145564
2005,"Total violent Criminal Code violations [100]","Total, adult charged",148626
2006,"Total violent Criminal Code violations [100]","Total, adult charged",151804
2007,"Total violent Criminal Code violations [100]","Total, adult charged",149597
2008,"Total violent Criminal Code violations [100]","Total, adult charged",151431
2009,"Total violent Criminal Code violations [100]","Total, adult charged",156095
2000,"Total violent Criminal Code violations [100]","Rate, adult charged per 100,000 population aged 18 years and over",614.97
2001,"Total violent Criminal Code violations [100]","Rate, adult charged per 100,000 population aged 18 years and over",640.59
2002,"Total violent Criminal Code violations [100]","Rate, adult charged per 100,000 population aged 18 years and over",617.24
2003,"Total violent Criminal Code violations [100]","Rate, adult charged per 100,000 population aged 18 years and over",597.51
2004,"Total violent Criminal Code violations [100]","Rate, adult charged per 100,000 population aged 18 years and over",584.2
2005,"Total violent Criminal Code violations [100]","Rate, adult charged per 100,000 population aged 18 years and over",588.87
2006,"Total violent Criminal Code violations [100]","Rate, adult charged per 100,000 population aged 18 years and over",593.65
2007,"Total violent Criminal Code violations [100]","Rate, adult charged per 100,000 population aged 18 years and over",577.33
2008,"Total violent Criminal Code violations [100]","Rate, adult charged per 100,000 population aged 18 years and over",576.01
2009,"Total violent Criminal Code violations [100]","Rate, adult charged per 100,000 population aged 18 years and over",585.02
2000,"Total violent Criminal Code violations [100]","Total, youth charged",28114
2001,"Total violent Criminal Code violations [100]","Total, youth charged",28863
2002,"Total violent Criminal Code violations [100]","Total, youth charged",27847
2003,"Total violent Criminal Code violations [100]","Total, youth charged",24357
2004,"Total violent Criminal Code violations [100]","Total, youth charged",23699
2005,"Total violent Criminal Code violations [100]","Total, youth charged",24089
2006,"Total violent Criminal Code violations [100]","Total, youth charged",24074
2007,"Total violent Criminal Code violations [100]","Total, youth charged",24716
2008,"Total violent Criminal Code violations [100]","Total, youth charged",23606
2009,"Total violent Criminal Code violations [100]","Total, youth charged",22765
2000,"Total violent Criminal Code violations [100]","Rate, youth charged per 100,000 population aged 12 to 17 years",1135.82
2001,"Total violent Criminal Code violations [100]","Rate, youth charged per 100,000 population aged 12 to 17 years",1157.37
2002,"Total violent Criminal Code violations [100]","Rate, youth charged per 100,000 population aged 12 to 17 years",1101.82
2003,"Total violent Criminal Code violations [100]","Rate, youth charged per 100,000 population aged 12 to 17 years",953.09
2004,"Total violent Criminal Code violations [100]","Rate, youth charged per 100,000 population aged 12 to 17 years",917.89
2005,"Total violent Criminal Code violations [100]","Rate, youth charged per 100,000 population aged 12 to 17 years",923.61
2006,"Total violent Criminal Code violations [100]","Rate, youth charged per 100,000 population aged 12 to 17 years",916.52
2007,"Total violent Criminal Code violations [100]","Rate, youth charged per 100,000 population aged 12 to 17 years",943.24
2008,"Total violent Criminal Code violations [100]","Rate, youth charged per 100,000 population aged 12 to 17 years",909.05
2009,"Total violent Criminal Code violations [100]","Rate, youth charged per 100,000 population aged 12 to 17 years",887.57
2000,"Total violent Criminal Code violations [100]","Total, youth not charged",20016
2001,"Total violent Criminal Code violations [100]","Total, youth not charged",20612
2002,"Total violent Criminal Code violations [100]","Total, youth not charged",20113
2003,"Total violent Criminal Code violations [100]","Total, youth not charged",25749
2004,"Total violent Criminal Code violations [100]","Total, youth not charged",25996
2005,"Total violent Criminal Code violations [100]","Total, youth not charged",25341
2006,"Total violent Criminal Code violations [100]","Total, youth not charged",27378
2007,"Total violent Criminal Code violations [100]","Total, youth not charged",26428
2008,"Total violent Criminal Code violations [100]","Total, youth not charged",25524
2009,"Total violent Criminal Code violations [100]","Total, youth not charged",25265
2000,"Total violent Criminal Code violations [100]","Rate, youth not charged per 100,000 population aged 12 to 17 years",808.66
2001,"Total violent Criminal Code violations [100]","Rate, youth not charged per 100,000 population aged 12 to 17 years",826.52
2002,"Total violent Criminal Code violations [100]","Rate, youth not charged per 100,000 population aged 12 to 17 years",795.81
2003,"Total violent Criminal Code violations [100]","Rate, youth not charged per 100,000 population aged 12 to 17 years",1007.56
2004,"Total violent Criminal Code violations [100]","Rate, youth not charged per 100,000 population aged 12 to 17 years",1006.85
2005,"Total violent Criminal Code violations [100]","Rate, youth not charged per 100,000 population aged 12 to 17 years",971.62
2006,"Total violent Criminal Code violations [100]","Rate, youth not charged per 100,000 population aged 12 to 17 years",1042.31
2007,"Total violent Criminal Code violations [100]","Rate, youth not charged per 100,000 population aged 12 to 17 years",1008.57
2008,"Total violent Criminal Code violations [100]","Rate, youth not charged per 100,000 population aged 12 to 17 years",982.92
2009,"Total violent Criminal Code violations [100]","Rate, youth not charged per 100,000 population aged 12 to 17 years",985.05
2000,"Total property crime violations [200]","Actual incidents",1592418
2001,"Total property crime violations [200]","Actual incidents",1589425
2002,"Total property crime violations [200]","Actual incidents",1592782
2003,"Total property crime violations [200]","Actual incidents",1676439
2004,"Total property crime violations [200]","Actual incidents",1636363
2005,"Total property crime violations [200]","Actual incidents",1574808
2006,"Total property crime violations [200]","Actual incidents",1566315
2007,"Total property crime violations [200]","Actual incidents",1488103
2008,"Total property crime violations [200]","Actual incidents",1415572
2009,"Total property crime violations [200]","Actual incidents",1386184
2000,"Total property crime violations [200]","Rate per 100,000 population",5188.88
2001,"Total property crime violations [200]","Rate per 100,000 population",5124.03
2002,"Total property crime violations [200]","Rate per 100,000 population",5080.05
2003,"Total property crime violations [200]","Rate per 100,000 population",5298.54
2004,"Total property crime violations [200]","Rate per 100,000 population",5123.13
2005,"Total property crime violations [200]","Rate per 100,000 population",4883.85
2006,"Total property crime violations [200]","Rate per 100,000 population",4809
2007,"Total property crime violations [200]","Rate per 100,000 population",4524.77
2008,"Total property crime violations [200]","Rate per 100,000 population",4257.9
2009,"Total property crime violations [200]","Rate per 100,000 population",4122.04
2000,"Total property crime violations [200]","Percentage change in rate",-2.91
2001,"Total property crime violations [200]","Percentage change in rate",-1.25
2002,"Total property crime violations [200]","Percentage change in rate",-0.86
2003,"Total property crime violations [200]","Percentage change in rate",4.3
2004,"Total property crime violations [200]","Percentage change in rate",-3.31
2005,"Total property crime violations [200]","Percentage change in rate",-4.67
2006,"Total property crime violations [200]","Percentage change in rate",-1.53
2007,"Total property crime violations [200]","Percentage change in rate",-5.91
2008,"Total property crime violations [200]","Percentage change in rate",-5.9
2009,"Total property crime violations [200]","Percentage change in rate",-3.19
2000,"Total property crime violations [200]","Total cleared",335994
2001,"Total property crime violations [200]","Total cleared",317188
2002,"Total property crime violations [200]","Total cleared",316390
2003,"Total property crime violations [200]","Total cleared",320628
2004,"Total property crime violations [200]","Total cleared",316171
2005,"Total property crime violations [200]","Total cleared",314360
2006,"Total property crime violations [200]","Total cleared",323277
2007,"Total property crime violations [200]","Total cleared",312711
2008,"Total property crime violations [200]","Total cleared",313920
2009,"Total property crime violations [200]","Total cleared",316003
2000,"Total property crime violations [200]","Total, persons charged",193021
2001,"Total property crime violations [200]","Total, persons charged",192501
2002,"Total property crime violations [200]","Total, persons charged",188813
2003,"Total property crime violations [200]","Total, persons charged",181070
2004,"Total property crime violations [200]","Total, persons charged",178871
2005,"Total property crime violations [200]","Total, persons charged",172000
2006,"Total property crime violations [200]","Total, persons charged",168294
2007,"Total property crime violations [200]","Total, persons charged",161151
2008,"Total property crime violations [200]","Total, persons charged",157326
2009,"Total property crime violations [200]","Total, persons charged",160087
2000,"Total property crime violations [200]","Rate, total persons charged per 100,000 population aged 12 years and over",741.63
2001,"Total property crime violations [200]","Rate, total persons charged per 100,000 population aged 12 years and over",729.4
2002,"Total property crime violations [200]","Rate, total persons charged per 100,000 population aged 12 years and over",704.92
2003,"Total property crime violations [200]","Rate, total persons charged per 100,000 population aged 12 years and over",667.14
2004,"Total property crime violations [200]","Rate, total persons charged per 100,000 population aged 12 years and over",650.47
2005,"Total property crime violations [200]","Rate, total persons charged per 100,000 population aged 12 years and over",617.65
2006,"Total property crime violations [200]","Rate, total persons charged per 100,000 population aged 12 years and over",596.83
2007,"Total property crime violations [200]","Rate, total persons charged per 100,000 population aged 12 years and over",564.8
2008,"Total property crime violations [200]","Rate, total persons charged per 100,000 population aged 12 years and over",544.63
2009,"Total property crime violations [200]","Rate, total persons charged per 100,000 population aged 12 years and over",547.37
2000,"Total property crime violations [200]","Total, adult charged",139147
2001,"Total property crime violations [200]","Total, adult charged",139655
2002,"Total property crime violations [200]","Total, adult charged",138039
2003,"Total property crime violations [200]","Total, adult charged",140938
2004,"Total property crime violations [200]","Total, adult charged",142856
2005,"Total property crime violations [200]","Total, adult charged",138725
2006,"Total property crime violations [200]","Total, adult charged",136355
2007,"Total property crime violations [200]","Total, adult charged",129408
2008,"Total property crime violations [200]","Total, adult charged",127980
2009,"Total property crime violations [200]","Total, adult charged",130778
2000,"Total property crime violations [200]","Rate, adult charged per 100,000 population aged 18 years and over",590.83
2001,"Total property crime violations [200]","Rate, adult charged per 100,000 population aged 18 years and over",584.38
2002,"Total property crime violations [200]","Rate, adult charged per 100,000 population aged 18 years and over",569.05
2003,"Total property crime violations [200]","Rate, adult charged per 100,000 population aged 18 years and over",573.25
2004,"Total property crime violations [200]","Rate, adult charged per 100,000 population aged 18 years and over",573.33
2005,"Total property crime violations [200]","Rate, adult charged per 100,000 population aged 18 years and over",549.64
2006,"Total property crime violations [200]","Rate, adult charged per 100,000 population aged 18 years and over",533.23
2007,"Total property crime violations [200]","Rate, adult charged per 100,000 population aged 18 years and over",499.41
2008,"Total property crime violations [200]","Rate, adult charged per 100,000 population aged 18 years and over",486.81
2009,"Total property crime violations [200]","Rate, adult charged per 100,000 population aged 18 years and over",490.14
2000,"Total property crime violations [200]","Total, youth charged",53874
2001,"Total property crime violations [200]","Total, youth charged",52846
2002,"Total property crime violations [200]","Total, youth charged",50774
2003,"Total property crime violations [200]","Total, youth charged",40132
2004,"Total property crime violations [200]","Total, youth charged",36015
2005,"Total property crime violations [200]","Total, youth charged",33275
2006,"Total property crime violations [200]","Total, youth charged",31939
2007,"Total property crime violations [200]","Total, youth charged",31743
2008,"Total property crime violations [200]","Total, youth charged",29346
2009,"Total property crime violations [200]","Total, youth charged",29309
2000,"Total property crime violations [200]","Rate, youth charged per 100,000 population aged 12 to 17 years",2176.54
2001,"Total property crime violations [200]","Rate, youth charged per 100,000 population aged 12 to 17 years",2119.07
2002,"Total property crime violations [200]","Rate, youth charged per 100,000 population aged 12 to 17 years",2008.96
2003,"Total property crime violations [200]","Rate, youth charged per 100,000 population aged 12 to 17 years",1570.37
2004,"Total property crime violations [200]","Rate, youth charged per 100,000 population aged 12 to 17 years",1394.9
2005,"Total property crime violations [200]","Rate, youth charged per 100,000 population aged 12 to 17 years",1275.82
2006,"Total property crime violations [200]","Rate, youth charged per 100,000 population aged 12 to 17 years",1215.95
2007,"Total property crime violations [200]","Rate, youth charged per 100,000 population aged 12 to 17 years",1211.41
2008,"Total property crime violations [200]","Rate, youth charged per 100,000 population aged 12 to 17 years",1130.1
2009,"Total property crime violations [200]","Rate, youth charged per 100,000 population aged 12 to 17 years",1142.72
2000,"Total property crime violations [200]","Total, youth not charged",42886
2001,"Total property crime violations [200]","Total, youth not charged",46251
2002,"Total property crime violations [200]","Total, youth not charged",47247
2003,"Total property crime violations [200]","Total, youth not charged",65493
2004,"Total property crime violations [200]","Total, youth not charged",63586
2005,"Total property crime violations [200]","Total, youth not charged",59356
2006,"Total property crime violations [200]","Total, youth not charged",62896
2007,"Total property crime violations [200]","Total, youth not charged",61958
2008,"Total property crime violations [200]","Total, youth not charged",59532
2009,"Total property crime violations [200]","Total, youth not charged",59000
2000,"Total property crime violations [200]","Rate, youth not charged per 100,000 population aged 12 to 17 years",1732.62
2001,"Total property crime violations [200]","Rate, youth not charged per 100,000 population aged 12 to 17 years",1854.61
2002,"Total property crime violations [200]","Rate, youth not charged per 100,000 population aged 12 to 17 years",1869.41
2003,"Total property crime violations [200]","Rate, youth not charged per 100,000 population aged 12 to 17 years",2562.75
2004,"Total property crime violations [200]","Rate, youth not charged per 100,000 population aged 12 to 17 years",2462.76
2005,"Total property crime violations [200]","Rate, youth not charged per 100,000 population aged 12 to 17 years",2275.81
2006,"Total property crime violations [200]","Rate, youth not charged per 100,000 population aged 12 to 17 years",2394.51
2007,"Total property crime violations [200]","Rate, youth not charged per 100,000 population aged 12 to 17 years",2364.5
2008,"Total property crime violations [200]","Rate, youth not charged per 100,000 population aged 12 to 17 years",2292.55
2009,"Total property crime violations [200]","Rate, youth not charged per 100,000 population aged 12 to 17 years",2300.33
2000,"Total other Criminal Code violations [300]","Actual incidents",283474
2001,"Total other Criminal Code violations [300]","Actual incidents",306862
2002,"Total other Criminal Code violations [300]","Actual incidents",310807
2003,"Total other Criminal Code violations [300]","Actual incidents",328080
2004,"Total other Criminal Code violations [300]","Actual incidents",342493
2005,"Total other Criminal Code violations [300]","Actual incidents",339309
2006,"Total other Criminal Code violations [300]","Actual incidents",341837
2007,"Total other Criminal Code violations [300]","Actual incidents",338399
2008,"Total other Criminal Code violations [300]","Actual incidents",345299
2009,"Total other Criminal Code violations [300]","Actual incidents",342092
2000,"Total other Criminal Code violations [300]","Rate per 100,000 population",923.7
2001,"Total other Criminal Code violations [300]","Rate per 100,000 population",989.27
2002,"Total other Criminal Code violations [300]","Rate per 100,000 population",991.29
2003,"Total other Criminal Code violations [300]","Rate per 100,000 population",1036.93
2004,"Total other Criminal Code violations [300]","Rate per 100,000 population",1072.28
2005,"Total other Criminal Code violations [300]","Rate per 100,000 population",1052.28
2006,"Total other Criminal Code violations [300]","Rate per 100,000 population",1049.53
2007,"Total other Criminal Code violations [300]","Rate per 100,000 population",1028.95
2008,"Total other Criminal Code violations [300]","Rate per 100,000 population",1038.63
2009,"Total other Criminal Code violations [300]","Rate per 100,000 population",1017.27
2000,"Total other Criminal Code violations [300]","Percentage change in rate",1.55
2001,"Total other Criminal Code violations [300]","Percentage change in rate",7.1
2002,"Total other Criminal Code violations [300]","Percentage change in rate",0.2
2003,"Total other Criminal Code violations [300]","Percentage change in rate",4.6
2004,"Total other Criminal Code violations [300]","Percentage change in rate",3.41
2005,"Total other Criminal Code violations [300]","Percentage change in rate",-1.87
2006,"Total other Criminal Code violations [300]","Percentage change in rate",-0.26
2007,"Total other Criminal Code violations [300]","Percentage change in rate",-1.96
2008,"Total other Criminal Code violations [300]","Percentage change in rate",0.94
2009,"Total other Criminal Code violations [300]","Percentage change in rate",-2.06
2000,"Total other Criminal Code violations [300]","Total cleared",213116
2001,"Total other Criminal Code violations [300]","Total cleared",218656
2002,"Total other Criminal Code violations [300]","Total cleared",223083
2003,"Total other Criminal Code violations [300]","Total cleared",230476
2004,"Total other Criminal Code violations [300]","Total cleared",232548
2005,"Total other Criminal Code violations [300]","Total cleared",233441
2006,"Total other Criminal Code violations [300]","Total cleared",252977
2007,"Total other Criminal Code violations [300]","Total cleared",250223
2008,"Total other Criminal Code violations [300]","Total cleared",259224
2009,"Total other Criminal Code violations [300]","Total cleared",259442
2000,"Total other Criminal Code violations [300]","Total, persons charged",115514
2001,"Total other Criminal Code violations [300]","Total, persons charged",128746
2002,"Total other Criminal Code violations [300]","Total, persons charged",131690
2003,"Total other Criminal Code violations [300]","Total, persons charged",135473
2004,"Total other Criminal Code violations [300]","Total, persons charged",139997
2005,"Total other Criminal Code violations [300]","Total, persons charged",138028
2006,"Total other Criminal Code violations [300]","Total, persons charged",145172
2007,"Total other Criminal Code violations [300]","Total, persons charged",154152
2008,"Total other Criminal Code violations [300]","Total, persons charged",160815
2009,"Total other Criminal Code violations [300]","Total, persons charged",159856
2000,"Total other Criminal Code violations [300]","Rate, total persons charged per 100,000 population aged 12 years and over",443.83
2001,"Total other Criminal Code violations [300]","Rate, total persons charged per 100,000 population aged 12 years and over",487.83
2002,"Total other Criminal Code violations [300]","Rate, total persons charged per 100,000 population aged 12 years and over",491.65
2003,"Total other Criminal Code violations [300]","Rate, total persons charged per 100,000 population aged 12 years and over",499.14
2004,"Total other Criminal Code violations [300]","Rate, total persons charged per 100,000 population aged 12 years and over",509.11
2005,"Total other Criminal Code violations [300]","Rate, total persons charged per 100,000 population aged 12 years and over",495.66
2006,"Total other Criminal Code violations [300]","Rate, total persons charged per 100,000 population aged 12 years and over",514.83
2007,"Total other Criminal Code violations [300]","Rate, total persons charged per 100,000 population aged 12 years and over",540.27
2008,"Total other Criminal Code violations [300]","Rate, total persons charged per 100,000 population aged 12 years and over",556.71
2009,"Total other Criminal Code violations [300]","Rate, total persons charged per 100,000 population aged 12 years and over",546.58
2000,"Total other Criminal Code violations [300]","Total, adult charged",96693
2001,"Total other Criminal Code violations [300]","Total, adult charged",107791
2002,"Total other Criminal Code violations [300]","Total, adult charged",111637
2003,"Total other Criminal Code violations [300]","Total, adult charged",116907
2004,"Total other Criminal Code violations [300]","Total, adult charged",122145
2005,"Total other Criminal Code violations [300]","Total, adult charged",120803
2006,"Total other Criminal Code violations [300]","Total, adult charged",127320
2007,"Total other Criminal Code violations [300]","Total, adult charged",134981
2008,"Total other Criminal Code violations [300]","Total, adult charged",141866
2009,"Total other Criminal Code violations [300]","Total, adult charged",141966
2000,"Total other Criminal Code violations [300]","Rate, adult charged per 100,000 population aged 18 years and over",410.56
2001,"Total other Criminal Code violations [300]","Rate, adult charged per 100,000 population aged 18 years and over",451.05
2002,"Total other Criminal Code violations [300]","Rate, adult charged per 100,000 population aged 18 years and over",460.21
2003,"Total other Criminal Code violations [300]","Rate, adult charged per 100,000 population aged 18 years and over",475.51
2004,"Total other Criminal Code violations [300]","Rate, adult charged per 100,000 population aged 18 years and over",490.21
2005,"Total other Criminal Code violations [300]","Rate, adult charged per 100,000 population aged 18 years and over",478.63
2006,"Total other Criminal Code violations [300]","Rate, adult charged per 100,000 population aged 18 years and over",497.9
2007,"Total other Criminal Code violations [300]","Rate, adult charged per 100,000 population aged 18 years and over",520.92
2008,"Total other Criminal Code violations [300]","Rate, adult charged per 100,000 population aged 18 years and over",539.62
2009,"Total other Criminal Code violations [300]","Rate, adult charged per 100,000 population aged 18 years and over",532.07
2000,"Total other Criminal Code violations [300]","Total, youth charged",18821
2001,"Total other Criminal Code violations [300]","Total, youth charged",20955
2002,"Total other Criminal Code violations [300]","Total, youth charged",20053
2003,"Total other Criminal Code violations [300]","Total, youth charged",18566
2004,"Total other Criminal Code violations [300]","Total, youth charged",17852
2005,"Total other Criminal Code violations [300]","Total, youth charged",17225
2006,"Total other Criminal Code violations [300]","Total, youth charged",17852
2007,"Total other Criminal Code violations [300]","Total, youth charged",19171
2008,"Total other Criminal Code violations [300]","Total, youth charged",18949
2009,"Total other Criminal Code violations [300]","Total, youth charged",17890
2000,"Total other Criminal Code violations [300]","Rate, youth charged per 100,000 population aged 12 to 17 years",760.38
2001,"Total other Criminal Code violations [300]","Rate, youth charged per 100,000 population aged 12 to 17 years",840.27
2002,"Total other Criminal Code violations [300]","Rate, youth charged per 100,000 population aged 12 to 17 years",793.43
2003,"Total other Criminal Code violations [300]","Rate, youth charged per 100,000 population aged 12 to 17 years",726.49
2004,"Total other Criminal Code violations [300]","Rate, youth charged per 100,000 population aged 12 to 17 years",691.43
2005,"Total other Criminal Code violations [300]","Rate, youth charged per 100,000 population aged 12 to 17 years",660.44
2006,"Total other Criminal Code violations [300]","Rate, youth charged per 100,000 population aged 12 to 17 years",679.64
2007,"Total other Criminal Code violations [300]","Rate, youth charged per 100,000 population aged 12 to 17 years",731.62
2008,"Total other Criminal Code violations [300]","Rate, youth charged per 100,000 population aged 12 to 17 years",729.72
2009,"Total other Criminal Code violations [300]","Rate, youth charged per 100,000 population aged 12 to 17 years",697.51
2000,"Total other Criminal Code violations [300]","Total, youth not charged",7437
2001,"Total other Criminal Code violations [300]","Total, youth not charged",9002
2002,"Total other Criminal Code violations [300]","Total, youth not charged",9503
2003,"Total other Criminal Code violations [300]","Total, youth not charged",11744
2004,"Total other Criminal Code violations [300]","Total, youth not charged",12522
2005,"Total other Criminal Code violations [300]","Total, youth not charged",12738
2006,"Total other Criminal Code violations [300]","Total, youth not charged",14700
2007,"Total other Criminal Code violations [300]","Total, youth not charged",13384
2008,"Total other Criminal Code violations [300]","Total, youth not charged",12790
2009,"Total other Criminal Code violations [300]","Total, youth not charged",12874
2000,"Total other Criminal Code violations [300]","Rate, youth not charged per 100,000 population aged 12 to 17 years",300.46
2001,"Total other Criminal Code violations [300]","Rate, youth not charged per 100,000 population aged 12 to 17 years",360.97
2002,"Total other Criminal Code violations [300]","Rate, youth not charged per 100,000 population aged 12 to 17 years",376
2003,"Total other Criminal Code violations [300]","Rate, youth not charged per 100,000 population aged 12 to 17 years",459.54
2004,"Total other Criminal Code violations [300]","Rate, youth not charged per 100,000 population aged 12 to 17 years",484.99
2005,"Total other Criminal Code violations [300]","Rate, youth not charged per 100,000 population aged 12 to 17 years",488.4
2006,"Total other Criminal Code violations [300]","Rate, youth not charged per 100,000 population aged 12 to 17 years",559.64
2007,"Total other Criminal Code violations [300]","Rate, youth not charged per 100,000 population aged 12 to 17 years",510.77
2008,"Total other Criminal Code violations [300]","Rate, youth not charged per 100,000 population aged 12 to 17 years",492.54
2009,"Total other Criminal Code violations [300]","Rate, youth not charged per 100,000 population aged 12 to 17 years",501.94
2000,"Total impaired driving [910]","Actual incidents",79225
2001,"Total impaired driving [910]","Actual incidents",82718
2002,"Total impaired driving [910]","Actual incidents",80045
2003,"Total impaired driving [910]","Actual incidents",77645
2004,"Total impaired driving [910]","Actual incidents",80339
2005,"Total impaired driving [910]","Actual incidents",78370
2006,"Total impaired driving [910]","Actual incidents",76127
2007,"Total impaired driving [910]","Actual incidents",79395
2008,"Total impaired driving [910]","Actual incidents",84694
2009,"Total impaired driving [910]","Actual incidents",88303
2000,"Total impaired driving [910]","Rate per 100,000 population",258.15
2001,"Total impaired driving [910]","Rate per 100,000 population",266.67
2002,"Total impaired driving [910]","Rate per 100,000 population",255.3
2003,"Total impaired driving [910]","Rate per 100,000 population",245.4
2004,"Total impaired driving [910]","Rate per 100,000 population",251.53
2005,"Total impaired driving [910]","Rate per 100,000 population",243.04
2006,"Total impaired driving [910]","Rate per 100,000 population",233.73
2007,"Total impaired driving [910]","Rate per 100,000 population",241.41
2008,"Total impaired driving [910]","Rate per 100,000 population",254.75
2009,"Total impaired driving [910]","Rate per 100,000 population",262.58
2000,"Total impaired driving [910]","Percentage change in rate",-8.73
2001,"Total impaired driving [910]","Percentage change in rate",3.3
2002,"Total impaired driving [910]","Percentage change in rate",-4.26
2003,"Total impaired driving [910]","Percentage change in rate",-3.88
2004,"Total impaired driving [910]","Percentage change in rate",2.49
2005,"Total impaired driving [910]","Percentage change in rate",-3.37
2006,"Total impaired driving [910]","Percentage change in rate",-3.83
2007,"Total impaired driving [910]","Percentage change in rate",3.29
2008,"Total impaired driving [910]","Percentage change in rate",5.53
2009,"Total impaired driving [910]","Percentage change in rate",3.07
2000,"Total impaired driving [910]","Total cleared",74441
2001,"Total impaired driving [910]","Total cleared",76552
2002,"Total impaired driving [910]","Total cleared",73098
2003,"Total impaired driving [910]","Total cleared",71679
2004,"Total impaired driving [910]","Total cleared",72098
2005,"Total impaired driving [910]","Total cleared",68805
2006,"Total impaired driving [910]","Total cleared",68762
2007,"Total impaired driving [910]","Total cleared",71343
2008,"Total impaired driving [910]","Total cleared",74558
2009,"Total impaired driving [910]","Total cleared",76785
2000,"Total impaired driving [910]","Total, persons charged",69126
2001,"Total impaired driving [910]","Total, persons charged",68986
2002,"Total impaired driving [910]","Total, persons charged",66889
2003,"Total impaired driving [910]","Total, persons charged",65236
2004,"Total impaired driving [910]","Total, persons charged",63317
2005,"Total impaired driving [910]","Total, persons charged",60538
2006,"Total impaired driving [910]","Total, persons charged",60978
2007,"Total impaired driving [910]","Total, persons charged",62826
2008,"Total impaired driving [910]","Total, persons charged",65822
2009,"Total impaired driving [910]","Total, persons charged",68338
2000,"Total impaired driving [910]","Rate, total persons charged per 100,000 population aged 12 years and over",265.6
2001,"Total impaired driving [910]","Rate, total persons charged per 100,000 population aged 12 years and over",261.39
2002,"Total impaired driving [910]","Rate, total persons charged per 100,000 population aged 12 years and over",249.73
2003,"Total impaired driving [910]","Rate, total persons charged per 100,000 population aged 12 years and over",240.36
2004,"Total impaired driving [910]","Rate, total persons charged per 100,000 population aged 12 years and over",230.25
2005,"Total impaired driving [910]","Rate, total persons charged per 100,000 population aged 12 years and over",217.39
2006,"Total impaired driving [910]","Rate, total persons charged per 100,000 population aged 12 years and over",216.25
2007,"Total impaired driving [910]","Rate, total persons charged per 100,000 population aged 12 years and over",220.19
2008,"Total impaired driving [910]","Rate, total persons charged per 100,000 population aged 12 years and over",227.86
2009,"Total impaired driving [910]","Rate, total persons charged per 100,000 population aged 12 years and over",233.66
2000,"Total impaired driving [910]","Total, adult charged",69126
2001,"Total impaired driving [910]","Total, adult charged",68986
2002,"Total impaired driving [910]","Total, adult charged",66889
2003,"Total impaired driving [910]","Total, adult charged",65236
2004,"Total impaired driving [910]","Total, adult charged",63317
2005,"Total impaired driving [910]","Total, adult charged",60538
2006,"Total impaired driving [910]","Total, adult charged",60978
2007,"Total impaired driving [910]","Total, adult charged",61902
2008,"Total impaired driving [910]","Total, adult charged",64846
2009,"Total impaired driving [910]","Total, adult charged",67399
2000,"Total impaired driving [910]","Rate, adult charged per 100,000 population aged 18 years and over",293.51
2001,"Total impaired driving [910]","Rate, adult charged per 100,000 population aged 18 years and over",288.67
2002,"Total impaired driving [910]","Rate, adult charged per 100,000 population aged 18 years and over",275.74
2003,"Total impaired driving [910]","Rate, adult charged per 100,000 population aged 18 years and over",265.34
2004,"Total impaired driving [910]","Rate, adult charged per 100,000 population aged 18 years and over",254.11
2005,"Total impaired driving [910]","Rate, adult charged per 100,000 population aged 18 years and over",239.86
2006,"Total impaired driving [910]","Rate, adult charged per 100,000 population aged 18 years and over",238.46
2007,"Total impaired driving [910]","Rate, adult charged per 100,000 population aged 18 years and over",238.89
2008,"Total impaired driving [910]","Rate, adult charged per 100,000 population aged 18 years and over",246.66
2009,"Total impaired driving [910]","Rate, adult charged per 100,000 population aged 18 years and over",252.6
2000,"Total impaired driving [910]","Total, youth charged",0
2001,"Total impaired driving [910]","Total, youth charged",0
2002,"Total impaired driving [910]","Total, youth charged",0
2003,"Total impaired driving [910]","Total, youth charged",0
2004,"Total impaired driving [910]","Total, youth charged",0
2005,"Total impaired driving [910]","Total, youth charged",0
2006,"Total impaired driving [910]","Total, youth charged",0
2007,"Total impaired driving [910]","Total, youth charged",924
2008,"Total impaired driving [910]","Total, youth charged",976
2009,"Total impaired driving [910]","Total, youth charged",939
2000,"Total impaired driving [910]","Rate, youth charged per 100,000 population aged 12 to 17 years",0
2001,"Total impaired driving [910]","Rate, youth charged per 100,000 population aged 12 to 17 years",0
2002,"Total impaired driving [910]","Rate, youth charged per 100,000 population aged 12 to 17 years",0
2003,"Total impaired driving [910]","Rate, youth charged per 100,000 population aged 12 to 17 years",0
2004,"Total impaired driving [910]","Rate, youth charged per 100,000 population aged 12 to 17 years",0
2005,"Total impaired driving [910]","Rate, youth charged per 100,000 population aged 12 to 17 years",0
2006,"Total impaired driving [910]","Rate, youth charged per 100,000 population aged 12 to 17 years",0
2007,"Total impaired driving [910]","Rate, youth charged per 100,000 population aged 12 to 17 years",35.26
2008,"Total impaired driving [910]","Rate, youth charged per 100,000 population aged 12 to 17 years",37.59
2009,"Total impaired driving [910]","Rate, youth charged per 100,000 population aged 12 to 17 years",36.61
2000,"Total impaired driving [910]","Total, youth not charged",0
2001,"Total impaired driving [910]","Total, youth not charged",0
2002,"Total impaired driving [910]","Total, youth not charged",0
2003,"Total impaired driving [910]","Total, youth not charged",0
2004,"Total impaired driving [910]","Total, youth not charged",0
2005,"Total impaired driving [910]","Total, youth not charged",0
2006,"Total impaired driving [910]","Total, youth not charged",0
2007,"Total impaired driving [910]","Total, youth not charged",143
2008,"Total impaired driving [910]","Total, youth not charged",185
2009,"Total impaired driving [910]","Total, youth not charged",191
2000,"Total impaired driving [910]","Rate, youth not charged per 100,000 population aged 12 to 17 years",0
2001,"Total impaired driving [910]","Rate, youth not charged per 100,000 population aged 12 to 17 years",0
2002,"Total impaired driving [910]","Rate, youth not charged per 100,000 population aged 12 to 17 years",0
2003,"Total impaired driving [910]","Rate, youth not charged per 100,000 population aged 12 to 17 years",0
2004,"Total impaired driving [910]","Rate, youth not charged per 100,000 population aged 12 to 17 years",0
2005,"Total impaired driving [910]","Rate, youth not charged per 100,000 population aged 12 to 17 years",0
2006,"Total impaired driving [910]","Rate, youth not charged per 100,000 population aged 12 to 17 years",0
2007,"Total impaired driving [910]","Rate, youth not charged per 100,000 population aged 12 to 17 years",5.46
2008,"Total impaired driving [910]","Rate, youth not charged per 100,000 population aged 12 to 17 years",7.12
2009,"Total impaired driving [910]","Rate, youth not charged per 100,000 population aged 12 to 17 years",7.45
2000,"Total other Criminal Code traffic violations [920]","Actual incidents",34309
2001,"Total other Criminal Code traffic violations [920]","Actual incidents",39115
2002,"Total other Criminal Code traffic violations [920]","Actual incidents",38697
2003,"Total other Criminal Code traffic violations [920]","Actual incidents",40246
2004,"Total other Criminal Code traffic violations [920]","Actual incidents",40865
2005,"Total other Criminal Code traffic violations [920]","Actual incidents",43566
2006,"Total other Criminal Code traffic violations [920]","Actual incidents",46312
2007,"Total other Criminal Code traffic violations [920]","Actual incidents",52883
2008,"Total other Criminal Code traffic violations [920]","Actual incidents",60511
2009,"Total other Criminal Code traffic violations [920]","Actual incidents",57839
2000,"Total other Criminal Code traffic violations [920]","Rate per 100,000 population",111.8
2001,"Total other Criminal Code traffic violations [920]","Rate per 100,000 population",126.1
2002,"Total other Criminal Code traffic violations [920]","Rate per 100,000 population",123.42
2003,"Total other Criminal Code traffic violations [920]","Rate per 100,000 population",127.2
2004,"Total other Criminal Code traffic violations [920]","Rate per 100,000 population",127.94
2005,"Total other Criminal Code traffic violations [920]","Rate per 100,000 population",135.11
2006,"Total other Criminal Code traffic violations [920]","Rate per 100,000 population",142.19
2007,"Total other Criminal Code traffic violations [920]","Rate per 100,000 population",160.8
2008,"Total other Criminal Code traffic violations [920]","Rate per 100,000 population",182.01
2009,"Total other Criminal Code traffic violations [920]","Rate per 100,000 population",171.99
2000,"Total other Criminal Code traffic violations [920]","Percentage change in rate",6.27
2001,"Total other Criminal Code traffic violations [920]","Percentage change in rate",12.79
2002,"Total other Criminal Code traffic violations [920]","Percentage change in rate",-2.13
2003,"Total other Criminal Code traffic violations [920]","Percentage change in rate",3.06
2004,"Total other Criminal Code traffic violations [920]","Percentage change in rate",0.58
2005,"Total other Criminal Code traffic violations [920]","Percentage change in rate",5.6
2006,"Total other Criminal Code traffic violations [920]","Percentage change in rate",5.24
2007,"Total other Criminal Code traffic violations [920]","Percentage change in rate",13.09
2008,"Total other Criminal Code traffic violations [920]","Percentage change in rate",13.19
2009,"Total other Criminal Code traffic violations [920]","Percentage change in rate",-5.5
2000,"Total other Criminal Code traffic violations [920]","Total cleared",16201
2001,"Total other Criminal Code traffic violations [920]","Total cleared",17667
2002,"Total other Criminal Code traffic violations [920]","Total cleared",17487
2003,"Total other Criminal Code traffic violations [920]","Total cleared",17966
2004,"Total other Criminal Code traffic violations [920]","Total cleared",18030
2005,"Total other Criminal Code traffic violations [920]","Total cleared",17821
2006,"Total other Criminal Code traffic violations [920]","Total cleared",18537
2007,"Total other Criminal Code traffic violations [920]","Total cleared",19463
2008,"Total other Criminal Code traffic violations [920]","Total cleared",20291
2009,"Total other Criminal Code traffic violations [920]","Total cleared",19726
2000,"Total other Criminal Code traffic violations [920]","Total, persons charged",13077
2001,"Total other Criminal Code traffic violations [920]","Total, persons charged",14391
2002,"Total other Criminal Code traffic violations [920]","Total, persons charged",14658
2003,"Total other Criminal Code traffic violations [920]","Total, persons charged",14992
2004,"Total other Criminal Code traffic violations [920]","Total, persons charged",15055
2005,"Total other Criminal Code traffic violations [920]","Total, persons charged",15018
2006,"Total other Criminal Code traffic violations [920]","Total, persons charged",15742
2007,"Total other Criminal Code traffic violations [920]","Total, persons charged",16440
2008,"Total other Criminal Code traffic violations [920]","Total, persons charged",16933
2009,"Total other Criminal Code traffic violations [920]","Total, persons charged",16307
2000,"Total other Criminal Code traffic violations [920]","Rate, total persons charged per 100,000 population aged 12 years and over",50.25
2001,"Total other Criminal Code traffic violations [920]","Rate, total persons charged per 100,000 population aged 12 years and over",54.53
2002,"Total other Criminal Code traffic violations [920]","Rate, total persons charged per 100,000 population aged 12 years and over",54.72
2003,"Total other Criminal Code traffic violations [920]","Rate, total persons charged per 100,000 population aged 12 years and over",55.24
2004,"Total other Criminal Code traffic violations [920]","Rate, total persons charged per 100,000 population aged 12 years and over",54.75
2005,"Total other Criminal Code traffic violations [920]","Rate, total persons charged per 100,000 population aged 12 years and over",53.93
2006,"Total other Criminal Code traffic violations [920]","Rate, total persons charged per 100,000 population aged 12 years and over",55.83
2007,"Total other Criminal Code traffic violations [920]","Rate, total persons charged per 100,000 population aged 12 years and over",57.62
2008,"Total other Criminal Code traffic violations [920]","Rate, total persons charged per 100,000 population aged 12 years and over",58.62
2009,"Total other Criminal Code traffic violations [920]","Rate, total persons charged per 100,000 population aged 12 years and over",55.76
2000,"Total other Criminal Code traffic violations [920]","Total, adult charged",13026
2001,"Total other Criminal Code traffic violations [920]","Total, adult charged",14363
2002,"Total other Criminal Code traffic violations [920]","Total, adult charged",14651
2003,"Total other Criminal Code traffic violations [920]","Total, adult charged",14984
2004,"Total other Criminal Code traffic violations [920]","Total, adult charged",15035
2005,"Total other Criminal Code traffic violations [920]","Total, adult charged",15012
2006,"Total other Criminal Code traffic violations [920]","Total, adult charged",15736
2007,"Total other Criminal Code traffic violations [920]","Total, adult charged",15391
2008,"Total other Criminal Code traffic violations [920]","Total, adult charged",15979
2009,"Total other Criminal Code traffic violations [920]","Total, adult charged",15499
2000,"Total other Criminal Code traffic violations [920]","Rate, adult charged per 100,000 population aged 18 years and over",55.31
2001,"Total other Criminal Code traffic violations [920]","Rate, adult charged per 100,000 population aged 18 years and over",60.1
2002,"Total other Criminal Code traffic violations [920]","Rate, adult charged per 100,000 population aged 18 years and over",60.4
2003,"Total other Criminal Code traffic violations [920]","Rate, adult charged per 100,000 population aged 18 years and over",60.95
2004,"Total other Criminal Code traffic violations [920]","Rate, adult charged per 100,000 population aged 18 years and over",60.34
2005,"Total other Criminal Code traffic violations [920]","Rate, adult charged per 100,000 population aged 18 years and over",59.48
2006,"Total other Criminal Code traffic violations [920]","Rate, adult charged per 100,000 population aged 18 years and over",61.54
2007,"Total other Criminal Code traffic violations [920]","Rate, adult charged per 100,000 population aged 18 years and over",59.4
2008,"Total other Criminal Code traffic violations [920]","Rate, adult charged per 100,000 population aged 18 years and over",60.78
2009,"Total other Criminal Code traffic violations [920]","Rate, adult charged per 100,000 population aged 18 years and over",58.09
2000,"Total other Criminal Code traffic violations [920]","Total, youth charged",51
2001,"Total other Criminal Code traffic violations [920]","Total, youth charged",28
2002,"Total other Criminal Code traffic violations [920]","Total, youth charged",7
2003,"Total other Criminal Code traffic violations [920]","Total, youth charged",8
2004,"Total other Criminal Code traffic violations [920]","Total, youth charged",20
2005,"Total other Criminal Code traffic violations [920]","Total, youth charged",6
2006,"Total other Criminal Code traffic violations [920]","Total, youth charged",6
2007,"Total other Criminal Code traffic violations [920]","Total, youth charged",1049
2008,"Total other Criminal Code traffic violations [920]","Total, youth charged",954
2009,"Total other Criminal Code traffic violations [920]","Total, youth charged",808
2000,"Total other Criminal Code traffic violations [920]","Rate, youth charged per 100,000 population aged 12 to 17 years",2.06
2001,"Total other Criminal Code traffic violations [920]","Rate, youth charged per 100,000 population aged 12 to 17 years",1.12
2002,"Total other Criminal Code traffic violations [920]","Rate, youth charged per 100,000 population aged 12 to 17 years",0.28
2003,"Total other Criminal Code traffic violations [920]","Rate, youth charged per 100,000 population aged 12 to 17 years",0.31
2004,"Total other Criminal Code traffic violations [920]","Rate, youth charged per 100,000 population aged 12 to 17 years",0.77
2005,"Total other Criminal Code traffic violations [920]","Rate, youth charged per 100,000 population aged 12 to 17 years",0.23
2006,"Total other Criminal Code traffic violations [920]","Rate, youth charged per 100,000 population aged 12 to 17 years",0.23
2007,"Total other Criminal Code traffic violations [920]","Rate, youth charged per 100,000 population aged 12 to 17 years",40.03
2008,"Total other Criminal Code traffic violations [920]","Rate, youth charged per 100,000 population aged 12 to 17 years",36.74
2009,"Total other Criminal Code traffic violations [920]","Rate, youth charged per 100,000 population aged 12 to 17 years",31.5
2000,"Total other Criminal Code traffic violations [920]","Total, youth not charged",1
2001,"Total other Criminal Code traffic violations [920]","Total, youth not charged",33
2002,"Total other Criminal Code traffic violations [920]","Total, youth not charged",22
2003,"Total other Criminal Code traffic violations [920]","Total, youth not charged",13
2004,"Total other Criminal Code traffic violations [920]","Total, youth not charged",8
2005,"Total other Criminal Code traffic violations [920]","Total, youth not charged",17
2006,"Total other Criminal Code traffic violations [920]","Total, youth not charged",7
2007,"Total other Criminal Code traffic violations [920]","Total, youth not charged",272
2008,"Total other Criminal Code traffic violations [920]","Total, youth not charged",300
2009,"Total other Criminal Code traffic violations [920]","Total, youth not charged",300
2000,"Total other Criminal Code traffic violations [920]","Rate, youth not charged per 100,000 population aged 12 to 17 years",0.04
2001,"Total other Criminal Code traffic violations [920]","Rate, youth not charged per 100,000 population aged 12 to 17 years",1.32
2002,"Total other Criminal Code traffic violations [920]","Rate, youth not charged per 100,000 population aged 12 to 17 years",0.87
2003,"Total other Criminal Code traffic violations [920]","Rate, youth not charged per 100,000 population aged 12 to 17 years",0.51
2004,"Total other Criminal Code traffic violations [920]","Rate, youth not charged per 100,000 population aged 12 to 17 years",0.31
2005,"Total other Criminal Code traffic violations [920]","Rate, youth not charged per 100,000 population aged 12 to 17 years",0.65
2006,"Total other Criminal Code traffic violations [920]","Rate, youth not charged per 100,000 population aged 12 to 17 years",0.27
2007,"Total other Criminal Code traffic violations [920]","Rate, youth not charged per 100,000 population aged 12 to 17 years",10.38
2008,"Total other Criminal Code traffic violations [920]","Rate, youth not charged per 100,000 population aged 12 to 17 years",11.55
2009,"Total other Criminal Code traffic violations [920]","Rate, youth not charged per 100,000 population aged 12 to 17 years",11.7
2000,"Total drug violations [401]","Actual incidents",88091
2001,"Total drug violations [401]","Actual incidents",89395
2002,"Total drug violations [401]","Actual incidents",92781
2003,"Total drug violations [401]","Actual incidents",86791
2004,"Total drug violations [401]","Actual incidents",97630
2005,"Total drug violations [401]","Actual incidents",93664
2006,"Total drug violations [401]","Actual incidents",96175
2007,"Total drug violations [401]","Actual incidents",101208
2008,"Total drug violations [401]","Actual incidents",102271
2009,"Total drug violations [401]","Actual incidents",97963
2000,"Total drug violations [401]","Rate per 100,000 population",287.04
2001,"Total drug violations [401]","Rate per 100,000 population",288.19
2002,"Total drug violations [401]","Rate per 100,000 population",295.92
2003,"Total drug violations [401]","Rate per 100,000 population",274.31
2004,"Total drug violations [401]","Rate per 100,000 population",305.66
2005,"Total drug violations [401]","Rate per 100,000 population",290.47
2006,"Total drug violations [401]","Rate per 100,000 population",295.28
2007,"Total drug violations [401]","Rate per 100,000 population",307.74
2008,"Total drug violations [401]","Rate per 100,000 population",307.62
2009,"Total drug violations [401]","Rate per 100,000 population",291.31
2000,"Total drug violations [401]","Percentage change in rate",8.9
2001,"Total drug violations [401]","Percentage change in rate",0.4
2002,"Total drug violations [401]","Percentage change in rate",2.68
2003,"Total drug violations [401]","Percentage change in rate",-7.3
2004,"Total drug violations [401]","Percentage change in rate",11.43
2005,"Total drug violations [401]","Percentage change in rate",-4.97
2006,"Total drug violations [401]","Percentage change in rate",1.66
2007,"Total drug violations [401]","Percentage change in rate",4.22
2008,"Total drug violations [401]","Percentage change in rate",-0.04
2009,"Total drug violations [401]","Percentage change in rate",-5.3
2000,"Total drug violations [401]","Total cleared",70094
2001,"Total drug violations [401]","Total cleared",70186
2002,"Total drug violations [401]","Total cleared",70848
2003,"Total drug violations [401]","Total cleared",65826
2004,"Total drug violations [401]","Total cleared",73339
2005,"Total drug violations [401]","Total cleared",70779
2006,"Total drug violations [401]","Total cleared",74422
2007,"Total drug violations [401]","Total cleared",78131
2008,"Total drug violations [401]","Total cleared",80320
2009,"Total drug violations [401]","Total cleared",77468
2000,"Total drug violations [401]","Total, persons charged",54574
2001,"Total drug violations [401]","Total, persons charged",56942
2002,"Total drug violations [401]","Total, persons charged",56811
2003,"Total drug violations [401]","Total, persons charged",47659
2004,"Total drug violations [401]","Total, persons charged",52586
2005,"Total drug violations [401]","Total, persons charged",52320
2006,"Total drug violations [401]","Total, persons charged",57004
2007,"Total drug violations [401]","Total, persons charged",60716
2008,"Total drug violations [401]","Total, persons charged",61487
2009,"Total drug violations [401]","Total, persons charged",59656
2000,"Total drug violations [401]","Rate, total persons charged per 100,000 population aged 12 years and over",209.69
2001,"Total drug violations [401]","Rate, total persons charged per 100,000 population aged 12 years and over",215.76
2002,"Total drug violations [401]","Rate, total persons charged per 100,000 population aged 12 years and over",212.1
2003,"Total drug violations [401]","Rate, total persons charged per 100,000 population aged 12 years and over",175.6
2004,"Total drug violations [401]","Rate, total persons charged per 100,000 population aged 12 years and over",191.23
2005,"Total drug violations [401]","Rate, total persons charged per 100,000 population aged 12 years and over",187.88
2006,"Total drug violations [401]","Rate, total persons charged per 100,000 population aged 12 years and over",202.16
2007,"Total drug violations [401]","Rate, total persons charged per 100,000 population aged 12 years and over",212.8
2008,"Total drug violations [401]","Rate, total persons charged per 100,000 population aged 12 years and over",212.86
2009,"Total drug violations [401]","Rate, total persons charged per 100,000 population aged 12 years and over",203.98
2000,"Total drug violations [401]","Total, adult charged",46737
2001,"Total drug violations [401]","Total, adult charged",48386
2002,"Total drug violations [401]","Total, adult charged",48301
2003,"Total drug violations [401]","Total, adult charged",42332
2004,"Total drug violations [401]","Total, adult charged",46642
2005,"Total drug violations [401]","Total, adult charged",46726
2006,"Total drug violations [401]","Total, adult charged",50697
2007,"Total drug violations [401]","Total, adult charged",53901
2008,"Total drug violations [401]","Total, adult charged",54543
2009,"Total drug violations [401]","Total, adult charged",53540
2000,"Total drug violations [401]","Rate, adult charged per 100,000 population aged 18 years and over",198.45
2001,"Total drug violations [401]","Rate, adult charged per 100,000 population aged 18 years and over",202.47
2002,"Total drug violations [401]","Rate, adult charged per 100,000 population aged 18 years and over",199.12
2003,"Total drug violations [401]","Rate, adult charged per 100,000 population aged 18 years and over",172.18
2004,"Total drug violations [401]","Rate, adult charged per 100,000 population aged 18 years and over",187.19
2005,"Total drug violations [401]","Rate, adult charged per 100,000 population aged 18 years and over",185.13
2006,"Total drug violations [401]","Rate, adult charged per 100,000 population aged 18 years and over",198.26
2007,"Total drug violations [401]","Rate, adult charged per 100,000 population aged 18 years and over",208.02
2008,"Total drug violations [401]","Rate, adult charged per 100,000 population aged 18 years and over",207.47
2009,"Total drug violations [401]","Rate, adult charged per 100,000 population aged 18 years and over",200.66
2000,"Total drug violations [401]","Total, youth charged",7837
2001,"Total drug violations [401]","Total, youth charged",8556
2002,"Total drug violations [401]","Total, youth charged",8510
2003,"Total drug violations [401]","Total, youth charged",5327
2004,"Total drug violations [401]","Total, youth charged",5944
2005,"Total drug violations [401]","Total, youth charged",5594
2006,"Total drug violations [401]","Total, youth charged",6307
2007,"Total drug violations [401]","Total, youth charged",6815
2008,"Total drug violations [401]","Total, youth charged",6944
2009,"Total drug violations [401]","Total, youth charged",6116
2000,"Total drug violations [401]","Rate, youth charged per 100,000 population aged 12 to 17 years",316.62
2001,"Total drug violations [401]","Rate, youth charged per 100,000 population aged 12 to 17 years",343.09
2002,"Total drug violations [401]","Rate, youth charged per 100,000 population aged 12 to 17 years",336.71
2003,"Total drug violations [401]","Rate, youth charged per 100,000 population aged 12 to 17 years",208.45
2004,"Total drug violations [401]","Rate, youth charged per 100,000 population aged 12 to 17 years",230.22
2005,"Total drug violations [401]","Rate, youth charged per 100,000 population aged 12 to 17 years",214.48
2006,"Total drug violations [401]","Rate, youth charged per 100,000 population aged 12 to 17 years",240.11
2007,"Total drug violations [401]","Rate, youth charged per 100,000 population aged 12 to 17 years",260.08
2008,"Total drug violations [401]","Rate, youth charged per 100,000 population aged 12 to 17 years",267.41
2009,"Total drug violations [401]","Rate, youth charged per 100,000 population aged 12 to 17 years",238.45
2000,"Total drug violations [401]","Total, youth not charged",6843
2001,"Total drug violations [401]","Total, youth not charged",8509
2002,"Total drug violations [401]","Total, youth not charged",8686
2003,"Total drug violations [401]","Total, youth not charged",10660
2004,"Total drug violations [401]","Total, youth not charged",13031
2005,"Total drug violations [401]","Total, youth not charged",11897
2006,"Total drug violations [401]","Total, youth not charged",11918
2007,"Total drug violations [401]","Total, youth not charged",11730
2008,"Total drug violations [401]","Total, youth not charged",12071
2009,"Total drug violations [401]","Total, youth not charged",11646
2000,"Total drug violations [401]","Rate, youth not charged per 100,000 population aged 12 to 17 years",276.46
2001,"Total drug violations [401]","Rate, youth not charged per 100,000 population aged 12 to 17 years",341.2
2002,"Total drug violations [401]","Rate, youth not charged per 100,000 population aged 12 to 17 years",343.68
2003,"Total drug violations [401]","Rate, youth not charged per 100,000 population aged 12 to 17 years",417.13
2004,"Total drug violations [401]","Rate, youth not charged per 100,000 population aged 12 to 17 years",504.71
2005,"Total drug violations [401]","Rate, youth not charged per 100,000 population aged 12 to 17 years",456.15
2006,"Total drug violations [401]","Rate, youth not charged per 100,000 population aged 12 to 17 years",453.73
2007,"Total drug violations [401]","Rate, youth not charged per 100,000 population aged 12 to 17 years",447.65
2008,"Total drug violations [401]","Rate, youth not charged per 100,000 population aged 12 to 17 years",464.85
2009,"Total drug violations [401]","Rate, youth not charged per 100,000 population aged 12 to 17 years",454.06
2000,"Youth Criminal Justice Act [6450]","Actual incidents",21313
2001,"Youth Criminal Justice Act [6450]","Actual incidents",18764
2002,"Youth Criminal Justice Act [6450]","Actual incidents",23043
2003,"Youth Criminal Justice Act [6450]","Actual incidents",21737
2004,"Youth Criminal Justice Act [6450]","Actual incidents",18037
2005,"Youth Criminal Justice Act [6450]","Actual incidents",11867
2006,"Youth Criminal Justice Act [6450]","Actual incidents",9962
2007,"Youth Criminal Justice Act [6450]","Actual incidents",10109
2008,"Youth Criminal Justice Act [6450]","Actual incidents",10888
2009,"Youth Criminal Justice Act [6450]","Actual incidents",12461
2000,"Youth Criminal Justice Act [6450]","Rate per 100,000 population",69.45
2001,"Youth Criminal Justice Act [6450]","Rate per 100,000 population",60.49
2002,"Youth Criminal Justice Act [6450]","Rate per 100,000 population",73.49
2003,"Youth Criminal Justice Act [6450]","Rate per 100,000 population",68.7
2004,"Youth Criminal Justice Act [6450]","Rate per 100,000 population",56.47
2005,"Youth Criminal Justice Act [6450]","Rate per 100,000 population",36.8
2006,"Youth Criminal Justice Act [6450]","Rate per 100,000 population",30.59
2007,"Youth Criminal Justice Act [6450]","Rate per 100,000 population",30.74
2008,"Youth Criminal Justice Act [6450]","Rate per 100,000 population",32.75
2009,"Youth Criminal Justice Act [6450]","Rate per 100,000 population",37.05
2000,"Youth Criminal Justice Act [6450]","Percentage change in rate",-17.63
2001,"Youth Criminal Justice Act [6450]","Percentage change in rate",-12.9
2002,"Youth Criminal Justice Act [6450]","Percentage change in rate",21.49
2003,"Youth Criminal Justice Act [6450]","Percentage change in rate",-6.52
2004,"Youth Criminal Justice Act [6450]","Percentage change in rate",-17.8
2005,"Youth Criminal Justice Act [6450]","Percentage change in rate",-34.83
2006,"Youth Criminal Justice Act [6450]","Percentage change in rate",-16.89
2007,"Youth Criminal Justice Act [6450]","Percentage change in rate",0.5
2008,"Youth Criminal Justice Act [6450]","Percentage change in rate",6.55
2009,"Youth Criminal Justice Act [6450]","Percentage change in rate",13.14
2000,"Youth Criminal Justice Act [6450]","Total cleared",16384
2001,"Youth Criminal Justice Act [6450]","Total cleared",12655
2002,"Youth Criminal Justice Act [6450]","Total cleared",15117
2003,"Youth Criminal Justice Act [6450]","Total cleared",15236
2004,"Youth Criminal Justice Act [6450]","Total cleared",12266
2005,"Youth Criminal Justice Act [6450]","Total cleared",9239
2006,"Youth Criminal Justice Act [6450]","Total cleared",8505
2007,"Youth Criminal Justice Act [6450]","Total cleared",9072
2008,"Youth Criminal Justice Act [6450]","Total cleared",10070
2009,"Youth Criminal Justice Act [6450]","Total cleared",11575
2000,"Youth Criminal Justice Act [6450]","Total, persons charged",7249
2001,"Youth Criminal Justice Act [6450]","Total, persons charged",7259
2002,"Youth Criminal Justice Act [6450]","Total, persons charged",8398
2003,"Youth Criminal Justice Act [6450]","Total, persons charged",7187
2004,"Youth Criminal Justice Act [6450]","Total, persons charged",7730
2005,"Youth Criminal Justice Act [6450]","Total, persons charged",7107
2006,"Youth Criminal Justice Act [6450]","Total, persons charged",7090
2007,"Youth Criminal Justice Act [6450]","Total, persons charged",7809
2008,"Youth Criminal Justice Act [6450]","Total, persons charged",8498
2009,"Youth Criminal Justice Act [6450]","Total, persons charged",9616
2000,"Youth Criminal Justice Act [6450]","Rate, total persons charged per 100,000 population aged 12 years and over",27.85
2001,"Youth Criminal Justice Act [6450]","Rate, total persons charged per 100,000 population aged 12 years and over",27.5
2002,"Youth Criminal Justice Act [6450]","Rate, total persons charged per 100,000 population aged 12 years and over",31.35
2003,"Youth Criminal Justice Act [6450]","Rate, total persons charged per 100,000 population aged 12 years and over",26.48
2004,"Youth Criminal Justice Act [6450]","Rate, total persons charged per 100,000 population aged 12 years and over",28.11
2005,"Youth Criminal Justice Act [6450]","Rate, total persons charged per 100,000 population aged 12 years and over",25.52
2006,"Youth Criminal Justice Act [6450]","Rate, total persons charged per 100,000 population aged 12 years and over",25.14
2007,"Youth Criminal Justice Act [6450]","Rate, total persons charged per 100,000 population aged 12 years and over",27.37
2008,"Youth Criminal Justice Act [6450]","Rate, total persons charged per 100,000 population aged 12 years and over",29.42
2009,"Youth Criminal Justice Act [6450]","Rate, total persons charged per 100,000 population aged 12 years and over",32.88
2000,"Youth Criminal Justice Act [6450]","Total, adult charged",2438
2001,"Youth Criminal Justice Act [6450]","Total, adult charged",2546
2002,"Youth Criminal Justice Act [6450]","Total, adult charged",2620
2003,"Youth Criminal Justice Act [6450]","Total, adult charged",2115
2004,"Youth Criminal Justice Act [6450]","Total, adult charged",2128
2005,"Youth Criminal Justice Act [6450]","Total, adult charged",1826
2006,"Youth Criminal Justice Act [6450]","Total, adult charged",1819
2007,"Youth Criminal Justice Act [6450]","Total, adult charged",2002
2008,"Youth Criminal Justice Act [6450]","Total, adult charged",2290
2009,"Youth Criminal Justice Act [6450]","Total, adult charged",3732
2000,"Youth Criminal Justice Act [6450]","Rate, adult charged per 100,000 population aged 18 years and over",10.35
2001,"Youth Criminal Justice Act [6450]","Rate, adult charged per 100,000 population aged 18 years and over",10.65
2002,"Youth Criminal Justice Act [6450]","Rate, adult charged per 100,000 population aged 18 years and over",10.8
2003,"Youth Criminal Justice Act [6450]","Rate, adult charged per 100,000 population aged 18 years and over",8.6
2004,"Youth Criminal Justice Act [6450]","Rate, adult charged per 100,000 population aged 18 years and over",8.54
2005,"Youth Criminal Justice Act [6450]","Rate, adult charged per 100,000 population aged 18 years and over",7.23
2006,"Youth Criminal Justice Act [6450]","Rate, adult charged per 100,000 population aged 18 years and over",7.11
2007,"Youth Criminal Justice Act [6450]","Rate, adult charged per 100,000 population aged 18 years and over",7.73
2008,"Youth Criminal Justice Act [6450]","Rate, adult charged per 100,000 population aged 18 years and over",8.71
2009,"Youth Criminal Justice Act [6450]","Rate, adult charged per 100,000 population aged 18 years and over",13.99
2000,"Youth Criminal Justice Act [6450]","Total, youth charged",4811
2001,"Youth Criminal Justice Act [6450]","Total, youth charged",4713
2002,"Youth Criminal Justice Act [6450]","Total, youth charged",5778
2003,"Youth Criminal Justice Act [6450]","Total, youth charged",5072
2004,"Youth Criminal Justice Act [6450]","Total, youth charged",5602
2005,"Youth Criminal Justice Act [6450]","Total, youth charged",5281
2006,"Youth Criminal Justice Act [6450]","Total, youth charged",5271
2007,"Youth Criminal Justice Act [6450]","Total, youth charged",5807
2008,"Youth Criminal Justice Act [6450]","Total, youth charged",6208
2009,"Youth Criminal Justice Act [6450]","Total, youth charged",5884
2000,"Youth Criminal Justice Act [6450]","Rate, youth charged per 100,000 population aged 12 to 17 years",194.37
2001,"Youth Criminal Justice Act [6450]","Rate, youth charged per 100,000 population aged 12 to 17 years",188.99
2002,"Youth Criminal Justice Act [6450]","Rate, youth charged per 100,000 population aged 12 to 17 years",228.62
2003,"Youth Criminal Justice Act [6450]","Rate, youth charged per 100,000 population aged 12 to 17 years",198.47
2004,"Youth Criminal Justice Act [6450]","Rate, youth charged per 100,000 population aged 12 to 17 years",216.97
2005,"Youth Criminal Justice Act [6450]","Rate, youth charged per 100,000 population aged 12 to 17 years",202.48
2006,"Youth Criminal Justice Act [6450]","Rate, youth charged per 100,000 population aged 12 to 17 years",200.67
2007,"Youth Criminal Justice Act [6450]","Rate, youth charged per 100,000 population aged 12 to 17 years",221.61
2008,"Youth Criminal Justice Act [6450]","Rate, youth charged per 100,000 population aged 12 to 17 years",239.07
2009,"Youth Criminal Justice Act [6450]","Rate, youth charged per 100,000 population aged 12 to 17 years",229.41
2000,"Youth Criminal Justice Act [6450]","Total, youth not charged",1476
2001,"Youth Criminal Justice Act [6450]","Total, youth not charged",941
2002,"Youth Criminal Justice Act [6450]","Total, youth not charged",1633
2003,"Youth Criminal Justice Act [6450]","Total, youth not charged",2050
2004,"Youth Criminal Justice Act [6450]","Total, youth not charged",1643
2005,"Youth Criminal Justice Act [6450]","Total, youth not charged",1499
2006,"Youth Criminal Justice Act [6450]","Total, youth not charged",1017
2007,"Youth Criminal Justice Act [6450]","Total, youth not charged",1070
2008,"Youth Criminal Justice Act [6450]","Total, youth not charged",1344
2009,"Youth Criminal Justice Act [6450]","Total, youth not charged",1392
2000,"Youth Criminal Justice Act [6450]","Rate, youth not charged per 100,000 population aged 12 to 17 years",59.63
2001,"Youth Criminal Justice Act [6450]","Rate, youth not charged per 100,000 population aged 12 to 17 years",37.73
2002,"Youth Criminal Justice Act [6450]","Rate, youth not charged per 100,000 population aged 12 to 17 years",64.61
2003,"Youth Criminal Justice Act [6450]","Rate, youth not charged per 100,000 population aged 12 to 17 years",80.22
2004,"Youth Criminal Justice Act [6450]","Rate, youth not charged per 100,000 population aged 12 to 17 years",63.64
2005,"Youth Criminal Justice Act [6450]","Rate, youth not charged per 100,000 population aged 12 to 17 years",57.47
2006,"Youth Criminal Justice Act [6450]","Rate, youth not charged per 100,000 population aged 12 to 17 years",38.72
2007,"Youth Criminal Justice Act [6450]","Rate, youth not charged per 100,000 population aged 12 to 17 years",40.83
2008,"Youth Criminal Justice Act [6450]","Rate, youth not charged per 100,000 population aged 12 to 17 years",51.76
2009,"Youth Criminal Justice Act [6450]","Rate, youth not charged per 100,000 population aged 12 to 17 years",54.27
2000,"Total other Federal Statutes [610]","Actual incidents",13274
2001,"Total other Federal Statutes [610]","Actual incidents",19249
2002,"Total other Federal Statutes [610]","Actual incidents",17079
2003,"Total other Federal Statutes [610]","Actual incidents",14527
2004,"Total other Federal Statutes [610]","Actual incidents",15980
2005,"Total other Federal Statutes [610]","Actual incidents",19300
2006,"Total other Federal Statutes [610]","Actual incidents",18507
2007,"Total other Federal Statutes [610]","Actual incidents",19381
2008,"Total other Federal Statutes [610]","Actual incidents",22200
2009,"Total other Federal Statutes [610]","Actual incidents",19279
2000,"Total other Federal Statutes [610]","Rate per 100,000 population",43.25
2001,"Total other Federal Statutes [610]","Rate per 100,000 population",62.06
2002,"Total other Federal Statutes [610]","Rate per 100,000 population",54.47
2003,"Total other Federal Statutes [610]","Rate per 100,000 population",45.91
2004,"Total other Federal Statutes [610]","Rate per 100,000 population",50.03
2005,"Total other Federal Statutes [610]","Rate per 100,000 population",59.85
2006,"Total other Federal Statutes [610]","Rate per 100,000 population",56.82
2007,"Total other Federal Statutes [610]","Rate per 100,000 population",58.93
2008,"Total other Federal Statutes [610]","Rate per 100,000 population",66.78
2009,"Total other Federal Statutes [610]","Rate per 100,000 population",57.33
2000,"Total other Federal Statutes [610]","Percentage change in rate",-1.19
2001,"Total other Federal Statutes [610]","Percentage change in rate",43.49
2002,"Total other Federal Statutes [610]","Percentage change in rate",-12.23
2003,"Total other Federal Statutes [610]","Percentage change in rate",-15.72
2004,"Total other Federal Statutes [610]","Percentage change in rate",8.97
2005,"Total other Federal Statutes [610]","Percentage change in rate",19.64
2006,"Total other Federal Statutes [610]","Percentage change in rate",-5.07
2007,"Total other Federal Statutes [610]","Percentage change in rate",3.71
2008,"Total other Federal Statutes [610]","Percentage change in rate",13.31
2009,"Total other Federal Statutes [610]","Percentage change in rate",-14.15
2000,"Total other Federal Statutes [610]","Total cleared",9582
2001,"Total other Federal Statutes [610]","Total cleared",11625
2002,"Total other Federal Statutes [610]","Total cleared",9711
2003,"Total other Federal Statutes [610]","Total cleared",8699
2004,"Total other Federal Statutes [610]","Total cleared",9664
2005,"Total other Federal Statutes [610]","Total cleared",12126
2006,"Total other Federal Statutes [610]","Total cleared",11900
2007,"Total other Federal Statutes [610]","Total cleared",11699
2008,"Total other Federal Statutes [610]","Total cleared",13204
2009,"Total other Federal Statutes [610]","Total cleared",11026
2000,"Total other Federal Statutes [610]","Total, persons charged",3884
2001,"Total other Federal Statutes [610]","Total, persons charged",4363
2002,"Total other Federal Statutes [610]","Total, persons charged",4507
2003,"Total other Federal Statutes [610]","Total, persons charged",3794
2004,"Total other Federal Statutes [610]","Total, persons charged",5596
2005,"Total other Federal Statutes [610]","Total, persons charged",5739
2006,"Total other Federal Statutes [610]","Total, persons charged",5429
2007,"Total other Federal Statutes [610]","Total, persons charged",5595
2008,"Total other Federal Statutes [610]","Total, persons charged",6408
2009,"Total other Federal Statutes [610]","Total, persons charged",5987
2000,"Total other Federal Statutes [610]","Rate, total persons charged per 100,000 population aged 12 years and over",14.92
2001,"Total other Federal Statutes [610]","Rate, total persons charged per 100,000 population aged 12 years and over",16.53
2002,"Total other Federal Statutes [610]","Rate, total persons charged per 100,000 population aged 12 years and over",16.83
2003,"Total other Federal Statutes [610]","Rate, total persons charged per 100,000 population aged 12 years and over",13.98
2004,"Total other Federal Statutes [610]","Rate, total persons charged per 100,000 population aged 12 years and over",20.35
2005,"Total other Federal Statutes [610]","Rate, total persons charged per 100,000 population aged 12 years and over",20.61
2006,"Total other Federal Statutes [610]","Rate, total persons charged per 100,000 population aged 12 years and over",19.25
2007,"Total other Federal Statutes [610]","Rate, total persons charged per 100,000 population aged 12 years and over",19.61
2008,"Total other Federal Statutes [610]","Rate, total persons charged per 100,000 population aged 12 years and over",22.18
2009,"Total other Federal Statutes [610]","Rate, total persons charged per 100,000 population aged 12 years and over",20.47
2000,"Total other Federal Statutes [610]","Total, adult charged",3797
2001,"Total other Federal Statutes [610]","Total, adult charged",4206
2002,"Total other Federal Statutes [610]","Total, adult charged",4357
2003,"Total other Federal Statutes [610]","Total, adult charged",3659
2004,"Total other Federal Statutes [610]","Total, adult charged",5463
2005,"Total other Federal Statutes [610]","Total, adult charged",5484
2006,"Total other Federal Statutes [610]","Total, adult charged",5018
2007,"Total other Federal Statutes [610]","Total, adult charged",5140
2008,"Total other Federal Statutes [610]","Total, adult charged",5903
2009,"Total other Federal Statutes [610]","Total, adult charged",5208
2000,"Total other Federal Statutes [610]","Rate, adult charged per 100,000 population aged 18 years and over",16.12
2001,"Total other Federal Statutes [610]","Rate, adult charged per 100,000 population aged 18 years and over",17.6
2002,"Total other Federal Statutes [610]","Rate, adult charged per 100,000 population aged 18 years and over",17.96
2003,"Total other Federal Statutes [610]","Rate, adult charged per 100,000 population aged 18 years and over",14.88
2004,"Total other Federal Statutes [610]","Rate, adult charged per 100,000 population aged 18 years and over",21.93
2005,"Total other Federal Statutes [610]","Rate, adult charged per 100,000 population aged 18 years and over",21.73
2006,"Total other Federal Statutes [610]","Rate, adult charged per 100,000 population aged 18 years and over",19.62
2007,"Total other Federal Statutes [610]","Rate, adult charged per 100,000 population aged 18 years and over",19.84
2008,"Total other Federal Statutes [610]","Rate, adult charged per 100,000 population aged 18 years and over",22.45
2009,"Total other Federal Statutes [610]","Rate, adult charged per 100,000 population aged 18 years and over",19.52
2000,"Total other Federal Statutes [610]","Total, youth charged",87
2001,"Total other Federal Statutes [610]","Total, youth charged",157
2002,"Total other Federal Statutes [610]","Total, youth charged",150
2003,"Total other Federal Statutes [610]","Total, youth charged",135
2004,"Total other Federal Statutes [610]","Total, youth charged",133
2005,"Total other Federal Statutes [610]","Total, youth charged",255
2006,"Total other Federal Statutes [610]","Total, youth charged",411
2007,"Total other Federal Statutes [610]","Total, youth charged",455
2008,"Total other Federal Statutes [610]","Total, youth charged",505
2009,"Total other Federal Statutes [610]","Total, youth charged",779
2000,"Total other Federal Statutes [610]","Rate, youth charged per 100,000 population aged 12 to 17 years",3.51
2001,"Total other Federal Statutes [610]","Rate, youth charged per 100,000 population aged 12 to 17 years",6.3
2002,"Total other Federal Statutes [610]","Rate, youth charged per 100,000 population aged 12 to 17 years",5.94
2003,"Total other Federal Statutes [610]","Rate, youth charged per 100,000 population aged 12 to 17 years",5.28
2004,"Total other Federal Statutes [610]","Rate, youth charged per 100,000 population aged 12 to 17 years",5.15
2005,"Total other Federal Statutes [610]","Rate, youth charged per 100,000 population aged 12 to 17 years",9.78
2006,"Total other Federal Statutes [610]","Rate, youth charged per 100,000 population aged 12 to 17 years",15.65
2007,"Total other Federal Statutes [610]","Rate, youth charged per 100,000 population aged 12 to 17 years",17.36
2008,"Total other Federal Statutes [610]","Rate, youth charged per 100,000 population aged 12 to 17 years",19.45
2009,"Total other Federal Statutes [610]","Rate, youth charged per 100,000 population aged 12 to 17 years",30.37
2000,"Total other Federal Statutes [610]","Total, youth not charged",45
2001,"Total other Federal Statutes [610]","Total, youth not charged",692
2002,"Total other Federal Statutes [610]","Total, youth not charged",100
2003,"Total other Federal Statutes [610]","Total, youth not charged",435
2004,"Total other Federal Statutes [610]","Total, youth not charged",660
2005,"Total other Federal Statutes [610]","Total, youth not charged",743
2006,"Total other Federal Statutes [610]","Total, youth not charged",1096
2007,"Total other Federal Statutes [610]","Total, youth not charged",994
2008,"Total other Federal Statutes [610]","Total, youth not charged",935
2009,"Total other Federal Statutes [610]","Total, youth not charged",944
2000,"Total other Federal Statutes [610]","Rate, youth not charged per 100,000 population aged 12 to 17 years",1.82
2001,"Total other Federal Statutes [610]","Rate, youth not charged per 100,000 population aged 12 to 17 years",27.75
2002,"Total other Federal Statutes [610]","Rate, youth not charged per 100,000 population aged 12 to 17 years",3.96
2003,"Total other Federal Statutes [610]","Rate, youth not charged per 100,000 population aged 12 to 17 years",17.02
2004,"Total other Federal Statutes [610]","Rate, youth not charged per 100,000 population aged 12 to 17 years",25.56
2005,"Total other Federal Statutes [610]","Rate, youth not charged per 100,000 population aged 12 to 17 years",28.49
2006,"Total other Federal Statutes [610]","Rate, youth not charged per 100,000 population aged 12 to 17 years",41.73
2007,"Total other Federal Statutes [610]","Rate, youth not charged per 100,000 population aged 12 to 17 years",37.93
2008,"Total other Federal Statutes [610]","Rate, youth not charged per 100,000 population aged 12 to 17 years",36.01
2009,"Total other Federal Statutes [610]","Rate, youth not charged per 100,000 population aged 12 to 17 years",36.81
